{
    "[[\"STOCHRSI_24_8_10_TEMA_pos0\", \"<\", 100.0], [\"STOCHRSI_25_8_10_T3_pos0\", \">=\", 0.05402], [\"APO_13_17_TEMA\", \"<\", 0.00034], [\"AROON_17_pos0\", \"<\", 91.17647], [\"WILLR_24\", \">=\", -84.21406], [\"STOCHRSI_58_20_22_EMA_pos0\", \"<\", 99.97992], [\"APO_13_17_TEMA\", \"<\", -0.00571], [\"STOCHRSI_24_8_10_TEMA_pos0\", \"<\", 14.62163], [\"STOCHRSI_58_20_22_EMA_pos0\", \"<\", 84.32488], [\"AROON_17_pos0\", \"<\", 55.88235]]": [
        0,
        0,
        0,
        0,
        0,
        0,
        0,
        0,
        1
    ],
    "[[\"STOCHRSI_10_7_8_EMA_pos0\", \"<\", 99.91066], [\"STOCHRSI_10_7_8_EMA_pos0\", \">=\", 0.08498], [\"STOCHRSI_19_6_7_WMA_pos1\", \">=\", 44.07075], [\"STOCHRSI_50_17_19_TRIMA_pos0\", \"<\", 100.0], [\"WILLR_3\", \">=\", -75.15195], [\"AROON_6_pos1\", \"<\", 75.0], [\"WILLR_3\", \"<\", -16.08937], [\"ULTOSC_3_21_25\", \"<\", 49.11663], [\"WILLR_3\", \"<\", -54.17961]]": [
        0,
        0,
        0,
        0,
        0,
        0,
        0,
        1,
        0
    ],
    "[[\"WILLR_6\", \"<\", -27.67409], [\"WILLR_6\", \">=\", -83.27978], [\"AROON_7_pos1\", \">=\", 78.57143], [\"CCI_8\", \"<\", 158.95545], [\"WILLR_6\", \">=\", -48.15662]]": [
        0,
        0,
        0,
        0,
        0,
        0,
        0,
        1,
        1
    ],
    "[[\"STOCHRSI_50_17_19_TRIMA_pos0\", \"<\", 100.0], [\"STOCHRSI_50_17_19_TRIMA_pos0\", \">=\", 0.07062], [\"STOCHRSI_89_13_24_TEMA_pos1\", \">=\", 47.80728], [\"STOCHF_29_11_EMA_pos0\", \"<\", 87.49472], [\"STOCHF_28_3_TRIMA_pos1\", \"<\", 86.75307], [\"WILLR_28\", \"<\", -23.29016], [\"STOCHF_28_3_TRIMA_pos1\", \"<\", 74.55805], [\"STOCHF_29_11_EMA_pos0\", \"<\", 72.32196], [\"WILLR_13\", \">=\", -67.17102], [\"STOCHF_28_3_TRIMA_pos1\", \"<\", 66.85326], [\"STOCHF_29_11_EMA_pos0\", \"<\", 63.24908]]": [
        0,
        0,
        0,
        0,
        0,
        0,
        1,
        0,
        0
    ],
    "[[\"WILLR_6\", \">=\", -80.2808], [\"WILLR_6\", \"<\", -15.99989], [\"APO_4_8_T3\", \">=\", -0.02299], [\"WILLR_6\", \"<\", -33.66424], [\"AROON_7_pos1\", \"<\", 78.57143], [\"WILLR_6\", \"<\", -59.41262], [\"STOCHRSI_24_9_10_TRIMA_pos0\", \"<\", 44.63012], [\"CCI_8\", \">=\", -171.50414]]": [
        0,
        0,
        0,
        0,
        0,
        0,
        1,
        0,
        1
    ],
    "[[\"STOCHRSI_41_16_27_MAMA_pos0\", \"<\", 100.0], [\"STOCHRSI_41_16_27_MAMA_pos0\", \">=\", 0.25111], [\"MACD_8_37_17_pos2\", \"<\", 0.00432], [\"CMO_5\", \"<\", 3.08764], [\"MACD_5_8_22_pos0\", \"<\", -0.00158], [\"APO_2_8_WMA\", \">=\", -0.01964], [\"CMO_5\", \"<\", -15.91114], [\"VAR_3_026\", \"<\", 0.00012], [\"MACD_5_8_22_pos0\", \">=\", -0.00964], [\"CMO_5\", \">=\", -27.15839]]": [
        0,
        0,
        0,
        0,
        0,
        0,
        1,
        1,
        0
    ],
    "[[\"STOCHRSI_22_7_9_MAMA_pos0\", \"<\", 100.0], [\"STOCHRSI_25_7_9_WMA_pos0\", \">=\", 0.06218], [\"STOCHRSI_19_6_7_WMA_pos1\", \">=\", 45.66775], [\"STOCHRSI_19_6_7_WMA_pos1\", \">=\", 65.3728], [\"STOCHRSI_25_7_9_WMA_pos0\", \"<\", 76.46958], [\"STOCHRSI_22_7_9_MAMA_pos0\", \">=\", 52.16647], [\"STOCHRSI_19_6_7_WMA_pos1\", \">=\", 71.14527], [\"CCI_7\", \"<\", 81.84224]]": [
        0,
        0,
        0,
        0,
        0,
        0,
        1,
        1,
        1
    ],
    "[[\"STOCHRSI_25_7_9_WMA_pos0\", \"<\", 100.0], [\"STOCHRSI_25_7_9_WMA_pos0\", \">=\", 0.06218], [\"AROON_8_pos0\", \"<\", 81.25], [\"AROON_9_pos1\", \"<\", 83.33333], [\"RSI_5\", \"<\", 51.71217], [\"CCI_7\", \"<\", -11.16057], [\"RSI_5\", \">=\", 41.84494], [\"STOCH_7_5_TRIMA_13_MAMA_pos0\", \">=\", 23.52279]]": [
        0,
        0,
        0,
        0,
        0,
        1,
        0,
        0,
        0
    ],
    "[[\"STOCHRSI_25_7_9_WMA_pos0\", \"<\", 99.93436], [\"STOCHRSI_25_7_9_WMA_pos0\", \">=\", 0.06218], [\"AROON_8_pos0\", \"<\", 81.25], [\"AROON_9_pos1\", \">=\", 83.33333], [\"WILLR_35\", \"<\", -11.80554], [\"RSI_5\", \">=\", 54.18318], [\"ROC_11\", \">=\", 0.07229]]": [
        0,
        0,
        0,
        0,
        0,
        1,
        0,
        0,
        1
    ],
    "[[\"STOCHRSI_50_17_19_TRIMA_pos0\", \"<\", 100.0], [\"STOCHRSI_50_17_19_TRIMA_pos0\", \">=\", 0.05744], [\"STOCHRSI_89_13_24_TEMA_pos1\", \"<\", 47.44765], [\"WILLR_13\", \"<\", -39.4699], [\"RSI_5\", \">=\", 25.19139], [\"STOCHRSI_89_13_24_TEMA_pos1\", \">=\", 21.61308], [\"STOCHRSI_50_17_19_TRIMA_pos0\", \">=\", 48.66692], [\"MOM_5\", \">=\", -0.02074]]": [
        0,
        0,
        0,
        0,
        0,
        1,
        0,
        1,
        0
    ],
    "[[\"CCI_3\", \"<\", 75.20714], [\"CCI_3\", \"<\", -85.08326], [\"WILLR_5\", \"<\", -69.67227], [\"WILLR_5\", \">=\", -88.79662], [\"STOCHRSI_35_12_14_DEMA_pos0\", \">=\", 0.11636], [\"STOCHRSI_48_10_11_DEMA_pos1\", \">=\", 19.24976], [\"CCI_29\", \">=\", -111.91593]]": [
        0,
        0,
        0,
        0,
        0,
        1,
        0,
        1,
        1
    ],
    "[[\"WILLR_3\", \"<\", -44.53307], [\"WILLR_3\", \"<\", -77.53549], [\"WILLR_3\", \">=\", -89.30502]]": [
        0,
        0,
        0,
        0,
        0,
        1,
        1,
        0,
        0
    ],
    "[[\"STOCHRSI_10_7_8_EMA_pos0\", \"<\", 99.90717], [\"STOCHRSI_10_7_8_EMA_pos0\", \">=\", 0.10547], [\"STOCHRSI_19_6_7_WMA_pos1\", \"<\", 53.47946], [\"STOCHRSI_50_17_19_TRIMA_pos0\", \">=\", 0.23605], [\"WILLR_3\", \"<\", -26.39519], [\"AROON_19_pos0\", \">=\", 92.10526], [\"AROON_19_pos0\", \">=\", 65.78947], [\"WILLR_3\", \">=\", -66.80353], [\"ULTOSC_3_21_25\", \">=\", 39.98807]]": [
        0,
        0,
        0,
        0,
        0,
        1,
        1,
        0,
        1
    ],
    "[[\"WILLR_6\", \"<\", -28.19891], [\"WILLR_6\", \">=\", -86.05685], [\"AROON_7_pos1\", \"<\", 64.28571], [\"WILLR_6\", \">=\", -70.57651], [\"RSI_4\", \">=\", 38.80569], [\"WILLR_6\", \">=\", -54.06661], [\"APO_4_8_T3\", \"<\", -0.02471]]": [
        0,
        0,
        0,
        0,
        0,
        1,
        1,
        1,
        0
    ],
    "[[\"CCI_3\", \"<\", 75.21056], [\"CCI_3\", \">=\", -79.91028], [\"STOCHRSI_35_12_14_DEMA_pos0\", \"<\", 100.0], [\"AROON_7_pos1\", \"<\", 78.57143], [\"STOCHRSI_35_12_14_DEMA_pos0\", \">=\", 0.32256], [\"AROON_30_pos0\", \"<\", 95.0], [\"CCI_9\", \">=\", -96.12297], [\"CMO_4\", \">=\", -9.91232], [\"CCI_9\", \">=\", -50.23916], [\"PLUS_DI_3\", \">=\", 13.12202], [\"CCI_238\", \"<\", 149.87358]]": [
        0,
        0,
        0,
        0,
        0,
        1,
        1,
        1,
        1
    ],
    "[[\"STOCHRSI_37_12_20_TEMA_pos0\", \"<\", 99.9743], [\"STOCHRSI_37_12_20_TEMA_pos0\", \">=\", 0.05422], [\"APO_4_8_T3\", \"<\", -0.0085], [\"CMO_4\", \"<\", -8.56593], [\"AROON_27_pos0\", \"<\", 94.44444], [\"CCI_7\", \">=\", -47.81828], [\"CCI_4\", \"<\", 80.90061], [\"STOCHRSI_23_3_6_T3_pos1\", \"<\", 55.62604], [\"MACD_4_31_18_pos0\", \">=\", -0.1288]]": [
        0,
        0,
        0,
        0,
        1,
        0,
        0,
        0,
        0
    ],
    "[[\"STOCHRSI_24_8_10_TEMA_pos0\", \"<\", 100.0], [\"STOCHRSI_24_8_10_TEMA_pos0\", \">=\", 0.20383], [\"STOCHRSI_24_3_5_T3_pos1\", \">=\", 44.4599], [\"STOCHRSI_24_3_5_T3_pos1\", \"<\", 68.10552], [\"STOCHRSI_24_8_10_TEMA_pos0\", \"<\", 76.80784], [\"WILLR_14\", \"<\", -17.56999], [\"APO_16_19_TEMA\", \"<\", 0.00297], [\"STOCHRSI_24_8_10_TEMA_pos0\", \">=\", 21.51129], [\"CCI_14\", \"<\", 102.84231], [\"WILLR_14\", \"<\", -35.45274]]": [
        0,
        0,
        0,
        0,
        1,
        0,
        0,
        0,
        1
    ],