{
    "[[\"MACD_47_75_65_pos0\", \">=\", 0.0004189608461781713], [\"VAR_19_068\", \"<\", 8.671087788095791e-05], [\"MACD_44_178_83_pos2\", \"<\", 0.003849791448581951], [\"AROON_9_pos0\", \">=\", 59.29435563105353], [\"ULTOSC_8_50_141\", \"<\", 74.69065980762136], [\"ULTOSC_19_7_56\", \">=\", 27.507572468527613], [\"ULTOSC_5_25_31\", \"<\", 62.19966414982083]]": [
        0,
        0,
        0,
        0,
        0,
        0,
        0,
        0,
        1
    ],
    "[[\"AROON_9_pos1\", \">=\", 19.819170492575456], [\"MACD_8_9_18_pos0\", \"<\", 0.0004857538150663445], [\"DX_37\", \">=\", 21.099746403565383], [\"ULTOSC_11_76_280\", \">=\", 34.30195259653045], [\"APO_38_59_SMA\", \"<\", 0.001565826019299119], [\"APO_11_28_KAMA\", \">=\", -0.0048256168897755445], [\"STOCH_35_9_TRIMA_29_TRIMA_pos1\", \"<\", 24.914126645885606]]": [
        0,
        0,
        0,
        0,
        0,
        0,
        0,
        1,
        0
    ],
    "[[\"PPO_30_28_WMA\", \"<\", 0.019489204060134088], [\"MINUS_DM_15\", \"<\", 0.00683888039334249], [\"PLUS_DM_76\", \"<\", 0.03724336832706936], [\"ATR_26\", \"<\", 0.0030129838092422152], [\"MINUS_DM_44\", \">=\", 0.006902811852245585], [\"PLUS_DM_56\", \"<\", 0.04464385173530287], [\"PLUS_DI_3\", \"<\", 20.41467075796696], [\"MOM_47\", \"<\", 0.011824107999105986], [\"CMO_40\", \">=\", 9.506337248482176]]": [
        0,
        0,
        0,
        0,
        0,
        0,
        0,
        1,
        1
    ],
    "[[\"RSI_10\", \"<\", 75.19857682093078], [\"STOCH_26_8_EMA_16_TRIMA_pos0\", \"<\", 53.72633511642986], [\"PLUS_DM_21\", \"<\", 0.018144225505059654], [\"MACD_11_51_30_pos0\", \"<\", 0.009010195092591437], [\"STOCH_53_13_T3_33_SMA_pos0\", \">=\", 74.71583973896142], [\"ROC_65\", \">=\", -1.8982814102655827]]": [
        0,
        0,
        0,
        0,
        0,
        0,
        1,
        0,
        0
    ],
    "[[\"VAR_42_042\", \"<\", 7.023776700443437e-05], [\"STOCH_29_7_TEMA_24_KAMA_pos1\", \">=\", 55.38407431491076], [\"STOCHF_22_3_MAMA_pos1\", \"<\", 46.60189384921862], [\"VAR_20_15\", \"<\", 6.16102869046601e-05], [\"STOCHRSI_18_5_8_SMA_pos1\", \"<\", 21.127240837348786], [\"STOCH_27_6_SMA_21_EMA_pos1\", \">=\", 42.430777821708745], [\"STDDEV_7_132\", \"<\", 0.01118008696534732]]": [
        0,
        0,
        0,
        0,
        0,
        0,
        1,
        0,
        1
    ],
    "[[\"MACD_27_29_30_pos0\", \"<\", 0.00012488572225388195], [\"APO_16_19_TEMA\", \">=\", -0.0011864827856862292], [\"AROON_19_pos0\", \">=\", 10.923597059674172], [\"ADXR_12\", \">=\", 30.203651626942005], [\"STOCH_24_5_KAMA_19_T3_pos0\", \">=\", 18.255956264847985], [\"AROON_43_pos1\", \"<\", 21.088206559302037], [\"STOCH_65_19_MAMA_52_T3_pos0\", \">=\", 27.835286459851066], [\"MACD_19_26_22_pos0\", \">=\", -0.0023657531335671863], [\"STOCHF_27_5_DEMA_pos1\", \"<\", 87.646569407033], [\"MACD_19_24_22_pos0\", \"<\", 0.0006381501400915313]]": [
        0,
        0,
        0,
        0,
        0,
        0,
        1,
        1,
        0
    ],
    "[[\"ADXR_20\", \">=\", 30.229820853829672], [\"MACD_56_352_141_pos2\", \">=\", 0.005908601750265464], [\"STDDEV_38_089\", \"<\", 0.007067853701163805], [\"ULTOSC_16_14_54\", \"<\", 69.17070191423915], [\"STOCH_50_14_DEMA_38_TRIMA_pos0\", \"<\", 87.33398039162135], [\"PPO_22_35_EMA\", \">=\", -0.2598535095440126]]": [
        0,
        0,
        0,
        0,
        0,
        0,
        1,
        1,
        1
    ],
    "[[\"WILLR_29\", \"<\", -16.15561305705424], [\"AROON_13_pos0\", \"<\", 61.93478501957046], [\"ULTOSC_53_16_120\", \"<\", 41.813146962119895], [\"AROON_18_pos1\", \"<\", 67.74929559626621], [\"ADXR_197\", \">=\", 4.939614041362036], [\"STOCH_80_20_EMA_99_WMA_pos1\", \">=\", 7.698322714342814], [\"STOCHRSI_44_14_16_T3_pos1\", \"<\", 105.47340115518288]]": [
        0,
        0,
        0,
        0,
        0,
        1,
        0,
        0,
        0
    ],
    "[[\"MINUS_DM_21\", \"<\", 0.024693267112460233], [\"MACD_12_35_37_pos2\", \"<\", 0.0004118031515934458], [\"MACD_38_107_58_pos1\", \"<\", -0.0026975971355326055], [\"STOCH_47_15_T3_29_TEMA_pos1\", \"<\", 106.29271903648907], [\"MOM_10\", \">=\", -0.02059303507283775], [\"STDDEV_101_059\", \"<\", 0.0021912902946113863]]": [
        0,
        0,
        0,
        0,
        0,
        1,
        0,
        0,
        1
    ],
    "[[\"STOCHRSI_52_18_20_KAMA_pos0\", \"<\", 53.21216056057873], [\"ULTOSC_9_5_30\", \">=\", 44.61504809386183], [\"STOCH_50_13_TEMA_37_KAMA_pos0\", \"<\", 76.80743536748305], [\"WILLR_24\", \"<\", -67.47639674600819], [\"STDDEV_21_10\", \"<\", 0.009920594513920557], [\"AROON_66_pos1\", \"<\", 12.782224234483309], [\"STDDEV_44_023\", \"<\", 0.0022139464298028145], [\"STOCH_7_5_TRIMA_13_MAMA_pos1\", \"<\", 78.61193117410401]]": [
        0,
        0,
        0,
        0,
        0,
        1,
        0,
        1,
        0
    ],
    "[[\"MACD_17_39_23_pos2\", \">=\", -0.0011213730883026071], [\"STDDEV_39_095\", \"<\", 0.007138750885612156], [\"MOM_19\", \"<\", 0.007104146772398616], [\"APO_12_32_TEMA\", \"<\", 0.00040932327210992103], [\"MACD_7_40_14_pos1\", \"<\", 0.002171372887635758], [\"APO_4_30_T3\", \"<\", -0.003713059213862051], [\"MACD_18_68_22_pos2\", \"<\", -0.0011967477797690754], [\"AROON_28_pos0\", \">=\", 42.01779086500564]]": [
        0,
        0,
        0,
        0,
        0,
        1,
        0,
        1,
        1
    ],
    "[[\"AROON_42_pos1\", \"<\", 71.22465262548158], [\"STDDEV_61_078\", \"<\", 0.0019515917244059707], [\"ADX_50\", \"<\", 31.870544631093228], [\"PLUS_DM_10\", \"<\", 0.01703695191514782], [\"CCI_32\", \">=\", -469.1573886467078], [\"APO_9_46_TRIMA\", \"<\", 0.010949735675012982], [\"VAR_47_102\", \"<\", 0.00010678873957579184], [\"ATR_100\", \"<\", 0.0012407824406288916], [\"STOCHRSI_40_12_16_WMA_pos1\", \"<\", 37.45396743011348], [\"APO_47_124_EMA\", \">=\", -0.008138495619707536], [\"CMO_13\", \"<\", 18.32101952612919]]": [
        0,
        0,
        0,
        0,
        0,
        1,
        1,
        0,
        0
    ],
    "[[\"STDDEV_15_04\", \"<\", 0.002806064573165787], [\"STOCH_40_10_TEMA_58_MAMA_pos1\", \"<\", 57.920500050877386], [\"ULTOSC_43_26_96\", \">=\", 43.15785557260484], [\"STOCHF_60_26_EMA_pos0\", \"<\", 62.17304944377858], [\"ADX_8\", \">=\", 41.73212751209799], [\"PPO_69_177_DEMA\", \">=\", -0.744035402495757], [\"STOCHRSI_48_15_22_WMA_pos0\", \"<\", 42.085678329998025], [\"STDDEV_29_053\", \"<\", 0.0011461222327304858], [\"ULTOSC_18_16_44\", \"<\", 59.29024271401771]]": [
        0,
        0,
        0,
        0,
        0,
        1,
        1,
        0,
        1
    ],
    "[[\"CCI_26\", \"<\", 593.1538343213923], [\"MOM_19\", \"<\", 0.015411886023755823], [\"PPO_7_22_MAMA\", \">=\", 0.0], [\"STOCH_50_13_WMA_47_KAMA_pos0\", \"<\", 83.1092834602101], [\"PLUS_DI_36\", \"<\", 36.36179812117742], [\"ULTOSC_13_7_17\", \">=\", 16.8495008912658], [\"STOCHF_39_7_T3_pos1\", \"<\", 81.54684276435162], [\"STOCH_49_16_T3_33_MAMA_pos1\", \">=\", 70.80830269605384], [\"PLUS_DI_47\", \"<\", 19.09332184100584], [\"PPO_28_106_T3\", \"<\", 1.8452789356662156], [\"PPO_49_56_SMA\", \"<\", 0.09060368574233396], [\"VAR_22_06\", \"<\", 8.796305800857869e-05]]": [
        0,
        0,
        0,
        0,
        0,
        1,
        1,
        1,
        0
    ],
    "[[\"STOCH_19_6_KAMA_12_TEMA_pos0\", \"<\", 63.29787854994366], [\"PLUS_DI_3\", \"<\", 22.903420539125403], [\"MACD_7_36_15_pos0\", \">=\", -0.0096889638397469], [\"STOCHF_21_9_SMA_pos0\", \">=\", 6.0049449974080575], [\"MINUS_DM_13\", \"<\", 0.02353126412410815], [\"CMO_5\", \"<\", -10.055514993425106]]": [
        0,
        0,
        0,
        0,
        0,
        1,
        1,
        1,
        1
    ],